0,-3.0287
1.0019e-11,-3.0287
1.603e-11,-3.0287
1.7834e-11,-3.0287
1.9637e-11,-3.0287
2.144e-11,-3.0287
2.3244e-11,-3.0287
2.5949e-11,-3.0287
2.8654e-11,-3.0287
3.2712e-11,-3.0287
3.3929e-11,-3.0287
3.5146e-11,-3.0287
3.6972e-11,-3.0287
3.8798e-11,-3.0287
4.0624e-11,-3.0287
4.245e-11,-3.0287
4.4276e-11,-3.0287
4.7015e-11,-3.0287
4.9754e-11,-3.0287
5.2493e-11,-3.0287
5.6601e-11,-3.0287
6.0709e-11,-3.0287
6.4818e-11,-3.0287
7.098e-11,-3.0287
7.7143e-11,-3.0287
8.3306e-11,-3.0287
8.9468e-11,-3.0287
9.5631e-11,-3.0287
1.0179e-10,-3.0287
1.0796e-10,-3.0287
1.172e-10,-3.0287
1.2644e-10,-3.0287
1.3569e-10,-3.0287
1.4955e-10,-3.0287
1.6342e-10,-3.0287
1.6966e-10,-3.0287
1.759e-10,-3.0287
2.071e-10,-3.0287
2.3829e-10,-3.0287
2.6949e-10,-3.0287
2.8353e-10,-3.0287
2.9757e-10,-3.0287
3.6777e-10,-3.0287
4.5928e-10,-3.0287
5.5079e-10,-3.0287
6.4231e-10,-3.0287
7.7958e-10,-3.0287
9.1685e-10,-3.0286
1.1228e-09,-3.0286
1.3287e-09,-3.0286
1.6375e-09,-3.0286
1.9464e-09,-3.0285
2.2553e-09,-3.0285
2.7185e-09,-3.0285
3.1818e-09,-3.0284
3.8768e-09,-3.0283
4.5717e-09,-3.0283
5.5749e-09,-3.0282
6.5781e-09,-3.0281
7.9761e-09,-3.0279
9.3742e-09,-3.0278
1.1319e-08,-3.0276
1.3265e-08,-3.0274
1.5949e-08,-3.0271
1.8634e-08,-3.0269
2.231e-08,-3.0265
2.5986e-08,-3.0262
3.0979e-08,-3.0257
3.5971e-08,-3.0252
4.2701e-08,-3.0245
4.943e-08,-3.0239
5.8423e-08,-3.023
6.7416e-08,-3.0221
7.9324e-08,-3.021
9.1232e-08,-3.0199
1.0686e-07,-3.0184
1.2249e-07,-3.0169
1.9022e-07,-3.0105
2.5796e-07,-3.0043
3.2569e-07,-2.998
4.5023e-07,-2.9866
5.7476e-07,-2.9753
7.861e-07,-2.9562
9.9745e-07,-2.9371
1.3393e-06,-2.9062
1.7566e-06,-2.8684
2.3233e-06,-2.8169
3.044e-06,-2.7511
4.0694e-06,-2.6567
5.6219e-06,-2.5121
6.494e-06,-2.4299
7.366e-06,-2.3468
8.6741e-06,-2.2206
9.0666e-06,-2.1823
9.459e-06,-2.1438
1.0048e-05,-2.0856
1.0224e-05,-2.0681
1.0401e-05,-2.0505
1.048e-05,-2.0425
1.056e-05,-2.0346
1.0957e-05,-1.9947
1.1076e-05,-1.9827
1.1196e-05,-1.9706
1.1319e-05,-1.9581
1.1443e-05,-1.9456
1.148e-05,-1.9418
1.1517e-05,-1.938
1.1573e-05,-1.9324
1.1589e-05,-1.9307
1.1606e-05,-1.929
1.169e-05,-1.9205
1.1963e-05,-1.8926
1.2565e-05,-1.8305
1.3586e-05,-1.7238
1.6264e-05,-1.4319
1.7068e-05,-1.34
1.7871e-05,-1.2454
1.8112e-05,-1.2164
1.8353e-05,-1.1872
1.9559e-05,-1.0359
2.0615e-05,-0.89443
2.1671e-05,-0.74084
2.2727e-05,-0.56757
2.3043e-05,-0.50931
2.336e-05,-0.44652
2.3835e-05,-0.33958
2.3978e-05,-0.30268
2.412e-05,-0.26223
2.4334e-05,-0.19066
2.4398e-05,-0.16471
2.4463e-05,-0.13494
2.4492e-05,-0.11961
2.452e-05,-0.10241
2.4533e-05,-0.093804
2.4546e-05,-0.08446
2.4566e-05,-0.068434
2.4585e-05,-0.048016
2.4591e-05,-0.040129
2.4597e-05,-0.030466
2.4599e-05,-0.026952
2.4601e-05,-0.022951
2.4603e-05,-0.015238
2.4604e-05,-0.01206
2.4604e-05,-0.01094
2.4604e-05,-0.0096995
2.4605e-05,-0.0074838
2.4605e-05,-0.0066851
2.4605e-05,-0.0057844
2.4605e-05,-0.0041018
2.4605e-05,-0.0034513
2.4605e-05,-0.0026956
2.4605e-05,-0.0022974
2.4605e-05,-0.0017586
2.4605e-05,-0.0015398
2.4605e-05,-0.0012854
2.4605e-05,-0.00078442
2.4605e-05,-0.00057093
2.4605e-05,-0.00049358
2.4605e-05,-0.00040647
2.4605e-05,-0.00024267
2.4605e-05,-0.00017899
2.4605e-05,-0.00010101
2.4605e-05,-7.2776e-05
2.4605e-05,-4.0238e-05
2.4605e-05,-3.686e-05
2.4605e-05,-3.3276e-05
2.4605e-05,-2.6974e-05
2.4605e-05,-2.4348e-05
2.4605e-05,-2.3261e-05
2.4605e-05,-2.285e-05
2.4605e-05,-2.2358e-05
2.4605e-05,-2.2083e-05
2.4605e-05,-2.1737e-05
2.4605e-05,-2.1529e-05
2.4605e-05,-2.1217e-05
2.4605e-05,-2.103e-05
2.4605e-05,-2.0995e-05
2.4605e-05,-2.0951e-05
2.4605e-05,-2.0905e-05
2.4605e-05,0.00219
2.4605e-05,0.00219
2.4605e-05,0.00219
2.4605e-05,0.00219
2.4605e-05,0.00219
2.4605e-05,0.00219
2.4605e-05,0.00219
2.4605e-05,0.0021901
2.4605e-05,0.0021903
2.4605e-05,0.0021914
2.4605e-05,0.0021968
2.4605e-05,0.0022232
2.4605e-05,0.002346
2.4605e-05,0.0028415
2.4605e-05,0.0033925
2.4605e-05,0.0042731
2.4605e-05,0.0050545
2.4605e-05,0.0060943
2.4605e-05,0.0070257
2.4605e-05,0.0082719
2.4605e-05,0.0093948
2.4606e-05,0.010908
2.4606e-05,0.012277
2.4606e-05,0.014131
2.4606e-05,0.015813
2.4606e-05,0.018096
2.4606e-05,0.020171
2.4606e-05,0.02299
2.4606e-05,0.025554
2.4606e-05,0.02904
2.4607e-05,0.032211
2.4607e-05,0.036519
2.4607e-05,0.040435
2.4608e-05,0.045755
2.4608e-05,0.05058
2.4609e-05,0.057128
2.461e-05,0.063058
2.4611e-05,0.071091
2.4612e-05,0.078347
2.4614e-05,0.088157
2.4615e-05,0.096992
2.4618e-05,0.1089
2.462e-05,0.11959
2.4624e-05,0.13394
2.4628e-05,0.14677
2.4633e-05,0.16391
2.4639e-05,0.17916
2.4647e-05,0.19942
2.4656e-05,0.21733
2.4668e-05,0.24099
2.4681e-05,0.26176
2.47e-05,0.289
2.4719e-05,0.31274
2.4747e-05,0.34366
2.4776e-05,0.3704
2.4818e-05,0.40499
2.4861e-05,0.43472
2.5074e-05,0.54427
2.5287e-05,0.61774
2.5499e-05,0.67337
2.5954e-05,0.75887
2.6409e-05,0.81609
2.7101e-05,0.87271
2.7944e-05,0.91252
2.8786e-05,0.93462
3.0283e-05,0.95361
3.2156e-05,0.96128
3.4761e-05,0.96363
3.822e-05,0.96388
4.3711e-05,0.96386
5.3674e-05,0.96388
8.1193e-05,0.96387
0.00018438,0.96388
0.0004552,0.96387
0.0013002,0.96388
0.0038507,0.96387
0.010866,0.96388
0.030486,0.96387
0.08272,0.96388
0.14762,0.96386
0.21251,0.96387
0.27741,0.96386
0.36048,0.96387
0.44356,0.96386
0.55351,0.96387
0.66346,0.96385
0.80478,0.96386
0.94611,0.96385
1,0.96386
1.0001,0.95579
1.0002,0.94009
1.0003,0.92631
1.0005,0.90729
1.0006,0.90092
1.0007,0.89506
1.001,0.87565
1.0014,0.86184
1.0018,0.8497
1.0022,0.84188
1.0027,0.83682
1.0032,0.8327
1.0038,0.83042
1.0046,0.82881
1.0054,0.82813
1.0067,0.82775
1.0082,0.82764
1.0103,0.82763
1.0135,0.82763
1.0189,0.82763
1.0325,0.82763
1.0582,0.82763
1.1083,0.82762
1.2075,0.82763
1.3909,0.82762
1.5744,0.82762
1.818,0.82761
2,0.82762
2,0.83056
2,0.83812
2,0.85348
2.0001,0.87249
2.0001,0.90678
2.0002,0.96396
2.0003,1.0563
2.0005,1.187
2.0008,1.3409
2.0011,1.454
2.0015,1.5548
2.0018,1.6234
2.0023,1.6804
2.0028,1.7153
2.0034,1.7422
2.004,1.7561
2.0049,1.7657
2.0058,1.7693
2.0071,1.7713
2.0088,1.7716
2.0113,1.7718
2.015,1.7717
2.0186,1.7718
2.0223,1.7717
2.026,1.7718
2.0296,1.7717
2.0333,1.7718
2.037,1.7717
2.0406,1.7718
2.0443,1.7717
2.0479,1.7718
2.0516,1.7717
2.0553,1.7718
2.0589,1.7717
2.0626,1.7718
2.0662,1.7717
2.0699,1.7718
2.0736,1.7717
2.0772,1.7718
2.0809,1.7717
2.0846,1.7718
2.0882,1.7717
2.0919,1.7718
2.0955,1.7717
2.0992,1.7718
2.1029,1.7717
2.1065,1.7718
2.1102,1.7717
2.1139,1.7718
2.1175,1.7717
2.1212,1.7718
2.1248,1.7717
2.1285,1.7718
2.1322,1.7717
2.1358,1.7718
2.1395,1.7717
2.1431,1.7718
2.1468,1.7717
2.1505,1.7718
2.1541,1.7717
2.1578,1.7718
2.1615,1.7717
2.1651,1.7718
2.1688,1.7717
2.1724,1.7718
2.1761,1.7717
2.1798,1.7718
2.1834,1.7717
2.1871,1.7718
2.1907,1.7717
2.1944,1.7718
2.1981,1.7717
2.2017,1.7718
2.2054,1.7717
2.2091,1.7718
2.2127,1.7717
2.2164,1.7718
2.22,1.7717
2.2237,1.7718
2.2274,1.7717
2.231,1.7718
2.2347,1.7717
2.2384,1.7718
2.242,1.7717
2.2457,1.7718
2.2493,1.7717
2.253,1.7718
2.2567,1.7717
2.2603,1.7718
2.264,1.7717
2.2676,1.7718
2.2713,1.7717
2.275,1.7718
2.2786,1.7717
2.2823,1.7718
2.286,1.7717
2.2896,1.7718
2.2933,1.7717
2.2969,1.7718
2.3006,1.7717
2.3043,1.7718
2.3079,1.7717
2.3116,1.7718
2.3152,1.7717
2.3189,1.7718
2.3226,1.7717
2.3262,1.7718
2.3299,1.7717
2.3336,1.7718
2.3372,1.7717
2.3409,1.7718
2.3445,1.7717
2.3482,1.7718
2.3519,1.7717
2.3555,1.7718
2.3592,1.7717
2.3629,1.7718
2.3665,1.7717
2.3702,1.7718
2.3738,1.7717
2.3775,1.7718
2.3812,1.7717
2.3848,1.7718
2.3885,1.7717
2.3921,1.7718
2.3958,1.7717
2.3995,1.7718
2.4031,1.7717
2.4068,1.7718
2.4105,1.7717
2.4141,1.7718
2.4178,1.7717
2.4214,1.7718
2.4251,1.7717
2.4288,1.7718
2.4324,1.7717
2.4361,1.7718
2.4397,1.7717
2.4434,1.7718
2.4471,1.7717
2.4507,1.7718
2.4544,1.7717
2.4581,1.7718
2.4617,1.7717
2.4654,1.7718
2.469,1.7717
2.4727,1.7718
2.4764,1.7717
2.48,1.7718
2.4837,1.7717
2.4874,1.7718
2.491,1.7717
2.4947,1.7718
2.4983,1.7717
2.502,1.7718
2.5057,1.7717
2.5093,1.7718
2.513,1.7717
2.5166,1.7718
2.5203,1.7717
2.524,1.7718
2.5276,1.7717
2.5313,1.7718
2.535,1.7717
2.5386,1.7718
2.5423,1.7717
2.5459,1.7718
2.5496,1.7717
2.5533,1.7718
2.5569,1.7717
2.5606,1.7718
2.5642,1.7717
2.5679,1.7718
2.5716,1.7717
2.5752,1.7718
2.5789,1.7717
2.5826,1.7718
2.5862,1.7717
2.5899,1.7718
2.5935,1.7717
2.5972,1.7718
2.6009,1.7717
2.6045,1.7718
2.6082,1.7717
2.6119,1.7718
2.6155,1.7717
2.6192,1.7718
2.6228,1.7717
2.6265,1.7717
2.6302,1.7717
2.6338,1.7717
2.6375,1.7717
2.6411,1.7717
2.6448,1.7717
2.6485,1.7717
2.6521,1.7717
2.6558,1.7717
2.6595,1.7717
2.6631,1.7717
2.6668,1.7717
2.6704,1.7717
2.6741,1.7717
2.6778,1.7717
2.6814,1.7717
2.6851,1.7717
2.6887,1.7717
2.6924,1.7717
2.6961,1.7717
2.6997,1.7717
2.7034,1.7717
2.7071,1.7717
2.7107,1.7717
2.7144,1.7717
2.718,1.7717
2.7217,1.7717
2.7254,1.7717
2.729,1.7717
2.7327,1.7717
2.7364,1.7717
2.74,1.7717
2.7437,1.7717
2.7473,1.7717
2.751,1.7717
2.7547,1.7717
2.7583,1.7717
2.762,1.7717
2.7656,1.7717
2.7693,1.7717
2.773,1.7717
2.7766,1.7717
2.7803,1.7717
2.784,1.7717
2.7876,1.7717
2.7913,1.7717
2.7949,1.7717
2.7986,1.7717
2.8023,1.7717
2.8059,1.7717
2.8096,1.7717
2.8132,1.7717
2.8169,1.7717
2.8206,1.7717
2.8242,1.7717
2.8279,1.7717
2.8316,1.7717
2.8352,1.7717
2.8389,1.7717
2.8425,1.7717
2.8462,1.7717
2.8499,1.7717
2.8535,1.7717
2.8572,1.7717
2.8609,1.7717
2.8645,1.7717
2.8682,1.7717
2.8718,1.7717
2.8755,1.7717
2.8792,1.7717
2.8828,1.7717
2.8865,1.7717
2.8901,1.7717
2.8938,1.7717
2.8975,1.7717
2.9011,1.7717
2.9048,1.7717
2.9085,1.7717
2.9121,1.7717
2.9158,1.7717
2.9194,1.7717
2.9231,1.7717
2.9268,1.7717
2.9304,1.7717
2.9341,1.7717
2.9377,1.7717
2.9414,1.7717
2.9451,1.7717
2.9487,1.7717
2.9524,1.7717
2.9561,1.7717
2.9597,1.7717
2.9634,1.7717
2.967,1.7717
2.9707,1.7717
2.9744,1.7717
2.978,1.7717
2.9817,1.7717
2.9854,1.7717
2.989,1.7717
2.9927,1.7717
2.9963,1.7717
3,1.7717
3.0003,1.771
3.0009,1.7699
3.0017,1.7691
3.0038,1.7685
3.0053,1.7686
3.0075,1.7686
3.0106,1.7686
3.0254,1.7686
3.0653,1.7686
3.2649,1.7686
3.589,1.7685
4,1.7685
4,1.7873
4.0001,1.8258
4.0003,1.8871
4.0004,1.9392
4.0006,1.9779
4.0007,2.0115
4.0012,2.1006
4.0017,2.1557
4.0021,2.1901
4.0027,2.2157
4.0033,2.2297
4.0042,2.2393
4.005,2.2434
4.0063,2.2454
4.0079,2.246
4.0103,2.246
4.014,2.246
4.0205,2.246
4.0377,2.246
4.0649,2.246
4.1184,2.246
4.2188,2.2459
4.3939,2.246
4.6934,2.2459
5,2.246
5,2.2287
5.0001,2.1893
5.0002,2.1261
5.0002,2.0689
5.0004,1.9416
5.0007,1.8114
5.0011,1.663
5.0015,1.5653
5.0019,1.4998
5.0024,1.4469
5.003,1.4153
5.0037,1.3928
5.0044,1.3814
5.0051,1.3766
5.0058,1.3737
5.0072,1.3722
5.0093,1.3714
5.0119,1.3718
5.0165,1.3714
5.0231,1.3718
5.0339,1.3714
5.0505,1.3718
5.0753,1.3714
5.1128,1.3718
5.168,1.3714
5.2485,1.3718
5.3644,1.3714
5.5285,1.3718
5.758,1.3714
6,1.3718
6,1.3775
6.0001,1.3894
6.0003,1.4086
6.0005,1.4318
6.0009,1.4647
6.0014,1.4858
6.0019,1.502
6.0024,1.5114
6.0031,1.5181
6.0038,1.5213
6.0047,1.5235
6.0057,1.5242
6.0072,1.5246
6.0092,1.5246
6.0124,1.5247
6.0174,1.5246
6.0301,1.5247
6.0584,1.5246
6.1149,1.5247
6.2367,1.5246
6.3585,1.5247
6.7818,1.5246
7,1.5247
7,1.5283
7,1.539
7,1.5636
7.0001,1.5954
7.0001,1.6426
7.0002,1.7344
7.0003,1.8845
7.0005,2.1029
7.0007,2.2789
7.0011,2.4938
7.0014,2.6452
7.0018,2.7513
7.0021,2.8262
7.0026,2.8962
7.0031,2.9386
7.0038,2.9706
7.0044,2.9868
7.0054,2.997
7.0065,3.0014
7.008,3.0027
7.0101,3.003
7.0134,3.0029
7.0193,3.003
7.0305,3.0029
7.0528,3.003
7.0936,3.0029
7.1687,3.003
7.3044,3.0029
7.5432,3.003
7.9288,3.0029
8,3.003
8,2.9928
8,2.9634
8.0001,2.9091
8.0001,2.8422
8.0001,2.7499
8.0002,2.5962
8.0004,2.3602
8.0007,2.0784
8.0009,1.8598
8.0013,1.6481
8.0016,1.4959
8.0019,1.3875
8.0023,1.2908
8.0028,1.2285
8.0033,1.1781
8.0039,1.1499
8.0046,1.1294
8.0054,1.1204
8.0061,1.116
8.0069,1.1143
8.0086,1.1125
8.0109,1.1127
8.0148,1.1124
8.0202,1.1127
8.0326,1.1124
8.0513,1.1127
8.0831,1.1124
8.1373,1.1127
8.223,1.1124
8.3621,1.1127
8.5814,1.1124
8.9213,1.1127
9,1.1124
9.0001,1.1077
9.0004,1.0986
9.0006,1.0915
9.001,1.0831
9.0014,1.0774
9.0019,1.073
9.0024,1.0703
9.003,1.0683
9.0036,1.0672
9.0044,1.0665
9.0053,1.0662
9.0066,1.066
9.0083,1.066
9.0107,1.066
9.0144,1.066
9.0217,1.066
9.0385,1.066
9.0755,1.066
9.1547,1.066
9.3226,1.066
9.6684,1.066
10,1.066
10,1.0814
10,1.1159
10,1.1822
10,1.2441
10,1.4065
10,1.5454
10.001,1.7868
10.001,1.9591
10.001,2.083
10.002,2.1713
10.002,2.2348
10.003,2.2972
10.003,2.3355
10.004,2.3642
10.004,2.3791
10.005,2.3884
10.006,2.3926
10.008,2.3939
10.01,2.3943
10.013,2.3941
10.018,2.3943
10.028,2.3941
10.045,2.3943
10.075,2.3941
10.127,2.3943
10.215,2.3941
10.361,2.3943
10.601,2.3941
11,2.3943
11,2.4186
11,2.4667
11,2.5282
11.001,2.5947
11.001,2.6692
11.002,2.7118
11.003,2.7417
11.003,2.756
11.004,2.765
11.005,2.7682
11.007,2.7694
11.009,2.7693
11.013,2.7695
11.02,2.7693
11.037,2.7695
11.064,2.7693
11.116,2.7695
11.214,2.7693
11.383,2.7695
11.681,2.7693
12,2.7695
12,2.7624
12,2.7406
12,2.6946
12,2.6334
12,2.5552
12,2.3905
12,2.1067
12.001,1.7418
12.001,1.4586
12.001,1.2391
12.001,1.023
12.002,0.86841
12.002,0.73646
12.003,0.64923
12.003,0.57966
12.004,0.53845
12.004,0.51378
12.005,0.49367
12.006,0.48348
12.007,0.47924
12.009,0.47792
12.011,0.47782
12.014,0.47774
12.02,0.47783
12.036,0.47773
12.059,0.47783
12.102,0.47773
12.182,0.47783
12.313,0.47773
12.543,0.47783
12.925,0.47773
13,0.47783
13,0.54376
13.001,0.65656
13.001,0.7355
13.001,0.81628
13.002,0.86149
13.003,0.8905
13.003,0.90482
13.004,0.91374
13.006,0.91735
13.007,0.91814
13.009,0.91851
13.012,0.91842
13.019,0.91849
13.031,0.91842
13.059,0.91849
13.114,0.91842
13.221,0.91849
13.433,0.91842
13.832,0.91849
14,0.91842
14,0.84926
14.001,0.73591
14.001,0.67866
14.002,0.61756
14.002,0.58547
14.003,0.56537
14.004,0.55661
14.005,0.55152
14.006,0.55
14.009,0.54967
14.012,0.54973
14.017,0.54967
14.029,0.54972
14.058,0.54967
14.116,0.54972
14.239,0.54967
14.493,0.54972
15,0.54967
15,0.61796
15.001,0.73103
15.001,0.79097
15.002,0.85788
15.002,0.89441
15.003,0.91772
15.004,0.92863
15.004,0.9336
15.006,0.9371
15.007,0.93789
15.01,0.93802
15.014,0.93795
15.022,0.93802
15.039,0.93795
15.074,0.93802
15.146,0.93795
15.29,0.93802
15.569,0.93795
16,0.93802
16,1.0003
16.001,1.0996
16.001,1.1458
16.002,1.1916
16.003,1.2141
16.003,1.2271
16.004,1.2323
16.006,1.2349
16.007,1.2355
16.01,1.2355
16.015,1.2356
16.023,1.2355
16.054,1.2356
16.104,1.2355
16.22,1.2356
16.471,1.2355
17,1.2356
17,1.2148
17,1.1769
17.001,1.1473
17.001,1.106
17.002,1.0805
17.002,1.0649
17.003,1.0553
17.003,1.0478
17.004,1.044
17.005,1.0414
17.006,1.0404
17.007,1.04
17.009,1.0399
17.012,1.0399
17.017,1.0399
17.03,1.0399
17.059,1.0399
17.119,1.0399
17.179,1.0399
17.411,1.0399
17.793,1.0399
18,1.0399
18,1.0414
18,1.0467
18,1.0543
18,1.0875
18,1.1201
18,1.2659
18,1.5673
18.001,1.9503
18.001,2.243
18.001,2.4668
18.001,2.6694
18.002,2.8154
18.002,2.9205
18.002,2.9962
18.003,3.0725
18.003,3.1189
18.004,3.1541
18.005,3.172
18.006,3.1836
18.007,3.1886
18.008,3.1903
18.01,3.1907
18.013,3.1906
18.019,3.1907
18.031,3.1906
18.068,3.1907
18.147,3.1906
18.336,3.1907
18.777,3.1906
19,3.1907
19,3.1839
19,3.1694
19,3.1468
19.001,3.1164
19.001,3.0843
19.002,3.0649
19.002,3.0505
19.003,3.043
19.004,3.0378
19.005,3.0358
19.006,3.0345
19.008,3.0344
19.01,3.0342
19.014,3.0343
19.022,3.0342
19.04,3.0343
19.073,3.0342
19.138,3.0343
19.264,3.0342
19.497,3.0343
19.925,3.0342
20,3.0343
20,3.0199
20,2.9862
20,2.9263
20,2.8731
20,2.759
20.001,2.6401
20.001,2.5196
20.002,2.4425
20.002,2.3835
20.003,2.3495
20.003,2.3238
20.004,2.3119
20.005,2.3053
20.006,2.3014
20.007,2.2996
20.01,2.2999
20.013,2.2994
20.018,2.2999
20.027,2.2994
20.041,2.2999
20.064,2.2994
20.099,2.2999
20.151,2.2994
20.232,2.2999
20.352,2.2994
20.528,2.2999
20.784,2.2994
21,2.2999
21,2.2915
21,2.2689
21,2.2222
21,2.1655
21,2.0762
21,1.9313
21.001,1.7125
21.001,1.4774
21.001,1.303
21.001,1.1465
21.002,1.0392
21.002,0.95355
21.003,0.89951
21.003,0.85884
21.004,0.83639
21.005,0.82497
21.006,0.81548
21.007,0.81235
21.009,0.81096
21.011,0.81127
21.015,0.81088
21.02,0.81128
21.031,0.81088
21.048,0.81128
21.075,0.81088
21.117,0.81128
21.183,0.81088
21.285,0.81128
21.44,0.81088
21.67,0.81128
22,0.81088
22,0.9174
22,1.109
22.001,1.2586
22.001,1.4581
22.002,1.5821
22.002,1.6586
22.003,1.7064
22.003,1.7425
22.004,1.762
22.004,1.772
22.005,1.7802
22.007,1.7829
22.009,1.7838
22.011,1.7836
22.015,1.7838
22.022,1.7836
22.037,1.7838
22.062,1.7836
22.105,1.7838
22.18,1.7836
22.305,1.7838
22.513,1.7836
22.852,1.7838
23,1.7836
23,1.7639
23,1.7236
23,1.6643
23.001,1.5936
23.001,1.5
23.001,1.4405
23.002,1.3953
23.003,1.3697
23.003,1.3517
23.004,1.3433
23.005,1.3379
23.006,1.3362
23.008,1.3356
23.011,1.3357
23.015,1.3356
23.024,1.3357
23.043,1.3356
23.078,1.3357
23.144,1.3356
23.268,1.3357
23.489,1.3356
23.886,1.3357
24,1.3356
24,1.3603
24,1.4094
24,1.4811
24.001,1.5691
24.001,1.673
24.002,1.7367
24.002,1.7838
24.003,1.8091
24.004,1.8262
24.004,1.8334
24.006,1.8376
24.007,1.8386
24.01,1.8388
24.013,1.8387
24.02,1.8388
24.035,1.8387
24.065,1.8388
24.124,1.8387
24.241,1.8388
24.464,1.8387
24.882,1.8388
25,1.8387
25,1.8507
25,1.8751
25,1.9111
25.001,1.9623
25.001,2.0165
25.001,2.0511
25.002,2.0777
25.003,2.0929
25.003,2.1038
25.004,2.1088
25.005,2.1121
25.006,2.1131
25.008,2.1135
25.011,2.1134
25.015,2.1135
25.02,2.1134
25.04,2.1135
25.072,2.1134
25.137,2.1135
25.28,2.1134
25.541,2.1135
26,2.1134
26,2.0588
26.001,1.9702
26.001,1.927
26.002,1.8838
26.003,1.8627
26.003,1.8503
26.004,1.8455
26.006,1.843
26.007,1.8424
26.01,1.8424
26.015,1.8424
26.024,1.8424
26.052,1.8424
26.12,1.8424
26.295,1.8424
26.735,1.8424
27,1.8424
27,1.8388
27,1.8293
27,1.8036
27,1.772
27,1.7142
27,1.6189
27.001,1.5032
27.001,1.4194
27.001,1.3578
27.002,1.3134
27.002,1.2699
27.003,1.2424
27.003,1.2202
27.004,1.2083
27.004,1.1995
27.005,1.1959
27.006,1.1934
27.008,1.193
27.01,1.1926
27.013,1.1929
27.019,1.1926
27.029,1.1929
27.046,1.1926
27.075,1.1929
27.124,1.1926
27.204,1.1929
27.335,1.1926
27.543,1.1929
27.87,1.1926
28,1.1929
28,1.1291
28.001,1.0215
28.001,0.95019
28.002,0.88366
28.002,0.84854
28.003,0.82698
28.004,0.81724
28.005,0.81138
28.006,0.80951
28.008,0.80908
28.011,0.80912
28.017,0.80908
28.028,0.80912
28.06,0.80908
28.125,0.80912
28.274,0.80908
28.606,0.80912
29,0.80908
29,0.9148
29,1.1093
29.001,1.268
29.001,1.4862
29.001,1.6356
29.002,1.737
29.002,1.8067
29.002,1.8537
29.003,1.9
29.004,1.9248
29.004,1.9427
29.005,1.9499
29.006,1.9542
29.008,1.9551
29.01,1.9555
29.014,1.9552
29.02,1.9555
29.031,1.9552
29.051,1.9555
29.085,1.9552
29.142,1.9555
29.236,1.9552
29.391,1.9555
29.64,1.9552
30,1.9555
30,1.9496
30,1.9348
30,1.9006
30,1.8608
30,1.7845
30,1.6699
30.001,1.5229
30.001,1.4187
30.001,1.3437
30.002,1.2907
30.002,1.2396
30.003,1.2086
30.003,1.184
30.004,1.1716
30.005,1.1628
30.006,1.1598
30.007,1.1576
30.009,1.1576
30.011,1.1572
30.012,1.1575
30.019,1.1572
30.025,1.1575
30.031,1.1572
30.038,1.1575
30.044,1.1572
30.05,1.1575
30.056,1.1572
30.063,1.1575
30.069,1.1572
30.075,1.1575
30.082,1.1572
30.088,1.1575
30.094,1.1572
30.101,1.1575
30.107,1.1572
30.113,1.1575
30.119,1.1572
30.126,1.1575
30.132,1.1572
30.138,1.1575
30.145,1.1572
30.151,1.1575
30.157,1.1572
30.164,1.1575
30.17,1.1572
30.176,1.1575
30.182,1.1572
30.189,1.1575
30.195,1.1572
30.201,1.1575
30.208,1.1572
30.214,1.1575
30.22,1.1572
30.227,1.1575
30.233,1.1572
30.239,1.1575
30.245,1.1572
30.252,1.1575
30.258,1.1572
30.264,1.1575
30.271,1.1572
30.277,1.1575
30.283,1.1572
30.29,1.1575
30.296,1.1572
30.302,1.1575
30.308,1.1572
30.315,1.1575
30.321,1.1572
30.327,1.1575
30.334,1.1572
30.34,1.1575
30.346,1.1572
30.353,1.1575
30.359,1.1572
30.365,1.1575
30.371,1.1572
30.378,1.1575
30.384,1.1572
30.39,1.1575
30.397,1.1572
30.403,1.1575
30.409,1.1572
30.416,1.1575
30.422,1.1572
30.428,1.1575
30.434,1.1572
30.441,1.1575
30.447,1.1572
30.453,1.1575
30.46,1.1572
30.466,1.1575
30.472,1.1572
30.479,1.1575
30.485,1.1572
30.491,1.1575
30.498,1.1572
30.504,1.1575
30.51,1.1572
30.516,1.1575
30.523,1.1572
30.529,1.1575
30.535,1.1572
30.542,1.1575
30.548,1.1572
30.554,1.1575
30.561,1.1572
30.567,1.1575
30.573,1.1572
30.579,1.1575
30.586,1.1572
30.592,1.1575
30.598,1.1572
30.605,1.1575
30.611,1.1572
30.617,1.1575
30.624,1.1572
30.63,1.1575
30.636,1.1572
30.642,1.1575
30.649,1.1572
30.655,1.1575
30.661,1.1572
30.668,1.1575
30.674,1.1572
30.68,1.1575
30.687,1.1572
30.693,1.1575
30.699,1.1572
30.705,1.1575
30.712,1.1572
30.718,1.1575
30.724,1.1572
30.743,1.1575
30.767,1.1572
30.808,1.1575
30.877,1.1572
30.98,1.1575
31,1.1572
31,1.158
31.001,1.1589
31.001,1.1594
31.002,1.1598
31.003,1.16
31.004,1.1601
31.005,1.1601
31.006,1.1602
31.008,1.1602
31.011,1.1602
31.016,1.1602
31.026,1.1602
31.079,1.1602
31.178,1.1602
31.452,1.1602
32,1.1602
32,1.1889
32.001,1.2322
32.002,1.25
32.002,1.2652
32.003,1.2708
32.005,1.2732
32.006,1.2739
32.008,1.274
32.012,1.274
32.018,1.274
32.034,1.274
32.084,1.274
32.207,1.274
32.532,1.274
33,1.274
33,1.3315
33.001,1.4219
33.001,1.4627
33.002,1.5016
33.003,1.5194
33.004,1.5291
33.005,1.5326
33.006,1.5342
33.008,1.5345
33.012,1.5345
33.017,1.5345
33.03,1.5345
33.064,1.5345
33.133,1.5345
33.29,1.5345
33.628,1.5345
34,1.5345
34,1.4557
34,1.3131
34.001,1.204
34.001,1.1205
34.001,1.0208
34.002,0.95755
34.002,0.90844
34.003,0.88139
34.004,0.86295
34.005,0.85478
34.006,0.85002
34.007,0.84858
34.009,0.84834
34.013,0.84833
34.018,0.84835
34.024,0.84833
34.054,0.84835
34.119,0.84833
34.263,0.84835
34.652,0.84833
35,0.84835
35,0.82259
35.001,0.78342
35.001,0.76683
35.002,0.75181
35.003,0.74611
35.004,0.74359
35.006,0.74279
35.008,0.7426
35.011,0.74261
35.016,0.7426
35.028,0.74261
35.082,0.7426
35.199,0.74261
35.525,0.7426
36,0.74261
36,0.82527
36,0.97437
36.001,1.0912
36.001,1.2561
36.002,1.3562
36.002,1.4165
36.003,1.4533
36.003,1.4807
36.004,1.4949
36.005,1.5019
36.006,1.5075
36.007,1.509
36.009,1.5095
36.012,1.5093
36.018,1.5095
36.027,1.5093
36.047,1.5095
36.083,1.5093
36.147,1.5095
36.263,1.5093
36.465,1.5095
36.814,1.5093
37,1.5095
37,1.4552
37.001,1.3672
37.001,1.3235
37.002,1.2791
37.003,1.2575
37.003,1.2449
37.004,1.2399
37.006,1.2373
37.007,1.2367
37.01,1.2367
37.014,1.2367
37.024,1.2367
37.05,1.2367
37.111,1.2367
37.259,1.2367
37.616,1.2367
38,1.2367
38.001,1.2523
38.002,1.2705
38.004,1.2734
38.006,1.2739
38.009,1.2739
38.013,1.2739
38.023,1.2739
38.052,1.2739
38.158,1.2739
38.487,1.2739
39,1.2739
39,1.241
39.001,1.1916
39.002,1.1713
39.003,1.1541
39.003,1.1478
39.005,1.1452
39.006,1.1444
39.008,1.1443
39.012,1.1443
39.019,1.1443
39.035,1.1443
39.087,1.1443
39.219,1.1443
39.573,1.1443
40,1.1443
40,1.0756
40,0.95268
40.001,0.85971
40.001,0.73777
40.002,0.66721
40.002,0.62621
40.003,0.60254
40.004,0.58473
40.004,0.5755
40.006,0.57127
40.007,0.57004
40.009,0.56974
40.012,0.56981
40.018,0.56975
40.031,0.56981
40.06,0.56975
40.118,0.56981
40.238,0.56975
40.482,0.56981
41,0.56975
41,0.57437
41,0.58541
41,0.61751
41,0.6581
41,0.75536
41,0.92253
41.001,1.1583
41.001,1.326
41.001,1.4458
41.002,1.5489
41.002,1.6164
41.003,1.66
41.003,1.6987
41.004,1.719
41.005,1.7332
41.006,1.7385
41.007,1.7415
41.009,1.742
41.011,1.7422
41.016,1.742
41.025,1.7422
41.041,1.742
41.073,1.7422
41.131,1.742
41.236,1.7422
41.422,1.742
41.746,1.7422
42,1.742
42,1.7716
42,1.8265
42.001,1.8706
42.001,1.9335
42.001,1.9743
42.002,2.0005
42.002,2.0176
42.003,2.0314
42.003,2.0392
42.004,2.0446
42.005,2.047
42.006,2.0482
42.008,2.0486
42.01,2.0486
42.014,2.0487
42.021,2.0486
42.035,2.0487
42.066,2.0486
42.129,2.0487
42.256,2.0486
42.507,2.0487
43,2.0486
43,2.037
43,2.0093
43,1.9561
43,1.8967
43,1.7823
43.001,1.6868
43.001,1.5199
43.001,1.4076
43.002,1.3306
43.002,1.2792
43.003,1.2324
43.003,1.2062
43.004,1.1861
43.005,1.1776
43.006,1.1717
43.007,1.1704
43.009,1.1695
43.012,1.1699
43.016,1.1695
43.023,1.1699
43.035,1.1695
43.047,1.1699
43.073,1.1695
43.11,1.1699
43.164,1.1695
43.25,1.1699
43.375,1.1695
43.559,1.1699
43.827,1.1695
44,1.1699
44,1.2311
44.001,1.3255
44.001,1.3642
44.002,1.3999
44.003,1.4163
44.004,1.4251
44.005,1.4283
44.006,1.4298
44.008,1.4301
44.012,1.43
44.018,1.4301
44.031,1.43
44.065,1.4301
44.134,1.43
44.288,1.4301
44.614,1.43
45,1.4301
45,1.4761
45,1.5603
45.001,1.6267
45.001,1.7204
45.002,1.7783
45.002,1.814
45.002,1.8361
45.003,1.8529
45.004,1.8619
45.005,1.8679
45.006,1.8703
45.007,1.8713
45.009,1.8716
45.012,1.8716
45.015,1.8716
45.026,1.8716
45.045,1.8716
45.083,1.8716
45.164,1.8716
45.316,1.8716
45.608,1.8716
46,1.8716
46,1.8461
46,1.7953
46,1.7292
46.001,1.6506
46.001,1.5611
46.002,1.5063
46.002,1.4657
46.003,1.4441
46.004,1.4294
46.004,1.4234
46.006,1.4198
46.007,1.4191
46.01,1.4189
46.014,1.419
46.021,1.4189
46.028,1.419
46.055,1.4189
46.098,1.419
46.18,1.4189
46.349,1.419
46.644,1.4189
47,1.419
47,1.3739
47.001,1.2954
47.001,1.2526
47.001,1.1861
47.002,1.156
47.002,1.1329
47.003,1.1202
47.004,1.1116
47.005,1.1078
47.006,1.1055
47.007,1.1049
47.009,1.1047
47.012,1.1048
47.018,1.1047
47.032,1.1048
47.062,1.1047
47.122,1.1048
47.248,1.1047
47.499,1.1048
48,1.1047
48,1.1037
48,1.1018
48.001,1.1003
48.001,1.0983
48.002,1.0972
48.002,1.0966
48.003,1.0962
48.004,1.096
48.005,1.0959
48.006,1.0958
48.007,1.0958
48.01,1.0958
48.013,1.0958
48.02,1.0958
48.036,1.0958
48.078,1.0958
48.17,1.0958
48.382,1.0958
48.854,1.0958
49,1.0958
49,1.125
49,1.1418
49,1.157
49.001,1.1899
49.001,1.2276
49.002,1.2518
49.002,1.2674
49.003,1.2804
49.003,1.2874
49.004,1.2922
49.005,1.2942
49.006,1.2952
49.008,1.2954
49.011,1.2954
49.015,1.2954
49.023,1.2954
49.052,1.2954
49.111,1.2954
49.248,1.2954
49.566,1.2954
50,1.2954
50,1.2548
50,1.1795
50.001,1.119
50.001,1.0385
50.001,0.98419
50.002,0.94745
50.002,0.91807
50.003,0.89996
50.003,0.88587
50.004,0.8786
50.005,0.87375
50.006,0.87193
50.007,0.87101
50.009,0.87084
50.012,0.87083
50.017,0.87083
50.027,0.87083
50.056,0.87083
50.111,0.87083
50.234,0.87083
50.492,0.87083
50.75,0.87083
51,0.87083
51,0.80366
51.001,0.69229
51.001,0.63387
51.002,0.56933
51.002,0.53454
51.003,0.51227
51.004,0.50216
51.005,0.49609
51.006,0.49407
51.008,0.49355
51.011,0.49359
51.016,0.49354
51.026,0.49359
51.054,0.49354
51.109,0.49359
51.23,0.49354
51.49,0.49359
52,0.49354
52,0.53758
52.001,0.60643
52.001,0.64482
52.002,0.67261
52.003,0.68441
52.004,0.6902
52.005,0.69242
52.007,0.69301
52.01,0.69308
52.012,0.69305
52.015,0.69307
52.028,0.69305
52.055,0.69307
52.117,0.69305
52.284,0.69307
52.649,0.69305
53,0.69307
53.001,0.69663
53.002,0.70078
53.004,0.70143
53.007,0.70158
53.01,0.70155
53.016,0.70155
53.029,0.70155
53.061,0.70155
53.159,0.70155
53.418,0.70155
54,0.70155
54,0.61964
54.001,0.48405
54.001,0.41734
54.001,0.36892
54.002,0.31547
54.002,0.28447
54.003,0.26137
54.004,0.25081
54.005,0.24478
54.006,0.24265
54.008,0.24223
54.011,0.24215
54.016,0.24222
54.026,0.24215
54.049,0.24222
54.094,0.24215
54.188,0.24222
54.373,0.24215
54.729,0.24222
55,0.24215
55,0.30801
55,0.42262
55.001,0.50696
55.001,0.62999
55.002,0.68822
55.003,0.71558
55.004,0.72863
55.005,0.73613
55.006,0.73932
55.008,0.74007
55.01,0.74022
55.014,0.74012
55.022,0.74022
55.04,0.74013
55.074,0.74022
55.143,0.74013
55.276,0.74022
55.527,0.74013
56,0.74022
56,0.68781
56.001,0.60638
56.001,0.56209
56.002,0.53097
56.003,0.51816
56.004,0.51196
56.005,0.50973
56.007,0.50912
56.01,0.50912
56.015,0.5091
56.024,0.50912
56.064,0.5091
56.139,0.50912
56.33,0.5091
56.801,0.50912
57,0.5091
57,0.5051
57.001,0.49886
57.001,0.49543
57.002,0.493
57.003,0.49199
57.004,0.4915
57.005,0.49132
57.007,0.49127
57.01,0.49127
57.015,0.49127
57.024,0.49127
57.059,0.49127
57.175,0.49127
57.46,0.49127
58,0.49127
58,0.46606
58.001,0.42931
58.002,0.41275
58.003,0.40331
58.004,0.40041
58.005,0.39932
58.007,0.39912
58.011,0.39911
58.016,0.39912
58.029,0.39911
58.086,0.39912
58.226,0.39911
58.636,0.39912
59,0.39911
59,0.46576
59.001,0.5753
59.001,0.6324
59.002,0.695
59.002,0.72859
59.003,0.74965
59.004,0.75927
59.005,0.76482
59.006,0.76675
59.008,0.76703
59.01,0.76717
59.015,0.76709
59.026,0.76716
59.047,0.7671
59.093,0.76716
59.187,0.7671
59.376,0.76716
59.753,0.7671
60,0.76716
60,0.84894
60,0.995
60.001,1.1069
60.001,1.1921
60.001,1.2939
60.002,1.3581
60.002,1.3988
60.003,1.4324
60.004,1.4499
60.004,1.4615
60.005,1.466
60.007,1.468
60.009,1.4684
60.012,1.4683
60.017,1.4684
60.027,1.4683
60.05,1.4684
60.091,1.4683
60.172,1.4684
60.326,1.4683
60.606,1.4684
61,1.4683
61,1.4141
61.001,1.3227
61.001,1.2748
61.001,1.2197
61.002,1.1886
61.003,1.1678
61.003,1.1576
61.004,1.1513
61.006,1.1487
61.007,1.1479
61.009,1.1479
61.013,1.1479
61.02,1.1479
61.037,1.1478
61.078,1.1479
61.167,1.1478
61.369,1.1479
61.808,1.1478
62,1.1479
62,1.0968
62.001,1.0149
62.001,0.97637
62.002,0.9371
62.003,0.91756
62.003,0.90601
62.004,0.90134
62.005,0.89878
62.007,0.89816
62.01,0.89807
62.014,0.89811
62.021,0.89808
62.043,0.89811
62.093,0.89808
62.208,0.89811
62.477,0.89808
63,0.89811
63,0.90725
63,0.92862
63,0.97801
63,1.0372
63,1.1681
63,1.3609
63.001,1.4417
63.001,1.5145
63.001,1.7191
63.001,1.8655
63.002,1.9709
63.002,2.0648
63.002,2.1259
63.003,2.1744
63.004,2.2022
63.004,2.2215
63.005,2.2306
63.006,2.2356
63.008,2.2375
63.01,2.2377
63.013,2.2379
63.018,2.2377
63.029,2.2379
63.048,2.2377
63.081,2.2379
63.142,2.2377
63.242,2.2379
63.414,2.2377
63.697,2.2379
64,2.2377
64,2.226
64,2.1957
64,2.1403
64,2.0755
64,1.9681
64,1.8126
64.001,1.5829
64.001,1.3633
64.001,1.2025
64.002,1.0866
64.002,0.97806
64.002,0.9082
64.003,0.85096
64.003,0.81908
64.004,0.79985
64.005,0.78561
64.006,0.77809
64.007,0.77601
64.009,0.77483
64.011,0.77536
64.016,0.77479
64.022,0.77536
64.032,0.77479
64.047,0.77536
64.07,0.77479
64.104,0.77536
64.155,0.77479
64.229,0.77536
64.336,0.77479
64.488,0.77536
64.702,0.77479
65,0.77536
65,0.82694
65,0.92376
65,1.0048
65.001,1.1372
65.001,1.227
65.002,1.3016
65.002,1.3468
65.003,1.3791
65.003,1.3963
65.004,1.4077
65.005,1.4129
65.007,1.4147
65.009,1.4152
65.012,1.4151
65.016,1.4152
65.026,1.4151
65.048,1.4152
65.087,1.4151
65.164,1.4152
65.309,1.4151
65.573,1.4152
66,1.4151
66,1.382
66.001,1.3289
66.001,1.3033
66.002,1.2779
66.003,1.266
66.004,1.2594
66.004,1.257
66.006,1.2557
66.008,1.2555
66.011,1.2555
66.016,1.2555
66.027,1.2555
66.077,1.2555
66.177,1.2555
66.449,1.2555
67,1.2555
67,1.2065
67.001,1.133
67.002,1.1031
67.003,1.0779
67.003,1.0689
67.005,1.065
67.006,1.0639
67.008,1.0637
67.012,1.0638
67.019,1.0638
67.035,1.0638
67.083,1.0638
67.196,1.0638
67.477,1.0638
68,1.0638
68,1.1727
68,1.3732
68.001,1.5354
68.001,1.7435
68.001,1.8877
68.002,1.9868
68.002,2.0556
68.003,2.119
68.003,2.1564
68.004,2.1835
68.005,2.1967
68.006,2.2043
68.007,2.2074
68.009,2.2078
68.011,2.2081
68.015,2.2079
68.024,2.2081
68.037,2.2079
68.061,2.2081
68.102,2.2079
68.168,2.2081
68.279,2.2079
68.457,2.2081
68.74,2.2079
69,2.2081
69,2.1832
69,2.1318
69,2.0562
69.001,1.9729
69.001,1.8466
69.001,1.7653
69.002,1.7028
69.002,1.6667
69.003,1.6454
69.004,1.6289
69.005,1.6204
69.006,1.617
69.007,1.6158
69.01,1.6159
69.013,1.6157
69.019,1.6159
69.034,1.6157
69.056,1.6159
69.097,1.6157
69.168,1.6159
69.287,1.6157
69.489,1.6159
69.819,1.6157
70,1.6159
70,1.6087
70,1.5919
70,1.555
70,1.5136
70,1.4208
70.001,1.3093
70.001,1.1997
70.001,1.1236
70.002,1.0697
70.002,1.0325
70.003,0.99669
70.003,0.97585
70.004,0.95973
70.004,0.95226
70.005,0.94709
70.007,0.94547
70.008,0.94461
70.01,0.94482
70.014,0.94454
70.02,0.94482
70.031,0.94454
70.049,0.94482
70.079,0.94454
70.128,0.94482
70.205,0.94454
70.327,0.94482
70.517,0.94454
70.806,0.94482
71,0.94454
71,1.021
71.001,1.1535
71.001,1.2481
71.002,1.3723
71.002,1.431
71.003,1.4584
71.004,1.4715
71.005,1.4789
71.006,1.4822
71.008,1.4829
71.01,1.4831
71.014,1.483
71.022,1.4831
71.038,1.483
71.069,1.4831
71.13,1.483
71.245,1.4831
71.458,1.483
71.847,1.4831
72,1.483
72,1.4707
72,1.4423
72,1.3852
72,1.3211
72,1.1847
72.001,1.02
72.001,0.85087
72.001,0.73672
72.002,0.65849
72.002,0.59326
72.003,0.55335
72.003,0.52365
72.004,0.50831
72.005,0.49911
72.006,0.49536
72.008,0.49417
72.01,0.49356
72.013,0.49396
72.019,0.49357
72.027,0.49396
72.043,0.49357
72.067,0.49396
72.105,0.49357
72.165,0.49396
72.257,0.49357
72.397,0.49396
72.608,0.49357
72.921,0.49396
73,0.49357
73,0.58429
73,0.74651
73.001,0.87291
73.001,1.0506
73.002,1.1569
73.002,1.2199
73.003,1.2578
73.003,1.2854
73.004,1.2995
73.005,1.3086
73.006,1.3122
73.008,1.3131
73.01,1.3134
73.014,1.3132
73.021,1.3134
73.034,1.3132
73.058,1.3134
73.102,1.3132
73.18,1.3134
73.315,1.3132
73.548,1.3134
73.939,1.3132
74,1.3134
74,1.3055
74,1.2912
74.001,1.2803
74.001,1.2649
74.002,1.2559
74.002,1.2508
74.003,1.2478
74.003,1.2456
74.004,1.2445
74.005,1.2439
74.007,1.2437
74.009,1.2437
74.011,1.2437
74.016,1.2437
74.026,1.2437
74.057,1.2437
74.115,1.2437
74.247,1.2437
74.534,1.2437
75,1.2437
75,1.2637
75.001,1.2982
75.001,1.3165
75.001,1.3446
75.002,1.3566
75.003,1.3657
75.003,1.3705
75.004,1.3738
75.005,1.3751
75.006,1.3757
75.007,1.3761
75.009,1.3761
75.013,1.3761
75.018,1.3761
75.033,1.3761
75.064,1.3761
75.127,1.3761
75.26,1.3761
75.522,1.3761
76,1.3761
76,1.2876
76,1.1263
76.001,1.0012
76.001,0.90392
76.001,0.78452
76.002,0.70714
76.002,0.64615
76.003,0.6113
76.003,0.59151
76.004,0.57599
76.005,0.56872
76.007,0.56584
76.008,0.56523
76.011,0.56513
76.015,0.56518
76.024,0.56514
76.045,0.56518
76.092,0.56514
76.192,0.56518
76.406,0.56514
76.846,0.56518
77,0.56514
77,0.53122
77.001,0.48203
77.002,0.46026
77.003,0.44796
77.004,0.4444
77.006,0.44314
77.008,0.44295
77.011,0.44294
77.017,0.44295
77.033,0.44294
77.106,0.44295
77.268,0.44294
77.74,0.44295
78,0.44294
78,0.55356
78.001,0.74291
78.001,0.84207
78.001,0.99535
78.002,1.0815
78.002,1.1294
78.003,1.1565
78.004,1.1749
78.005,1.1849
78.006,1.189
78.007,1.1905
78.01,1.1906
78.013,1.1907
78.018,1.1906
78.033,1.1908
78.055,1.1906
78.095,1.1908
78.167,1.1906
78.284,1.1908
78.487,1.1906
78.821,1.1908
79,1.1906
79,1.237
79.001,1.3095
79.001,1.3493
79.002,1.3783
79.003,1.3899
79.004,1.3952
79.006,1.3971
79.008,1.3975
79.011,1.3975
79.016,1.3975
79.027,1.3975
79.063,1.3975
79.14,1.3975
79.327,1.3975
79.768,1.3975
80,1.3975
80,1.4591
80.001,1.5563
80.001,1.6006
80.002,1.6431
80.003,1.663
80.004,1.674
80.005,1.6781
80.006,1.68
80.008,1.6804
80.011,1.6804
80.017,1.6804
80.028,1.6804
80.059,1.6804
80.12,1.6804
80.257,1.6804
80.548,1.6804
81,1.6804
81,1.7165
81.001,1.7794
81.001,1.8132
81.001,1.8317
81.001,1.8474
81.002,1.8801
81.002,1.9003
81.003,1.9158
81.003,1.924
81.004,1.9291
81.005,1.9313
81.006,1.9325
81.008,1.9329
81.01,1.9329
81.014,1.9329
81.021,1.9328
81.043,1.9329
81.08,1.9328
81.159,1.9329
81.323,1.9328
81.632,1.9329
82,1.9328
82,1.9234
82.001,1.9081
82.001,1.8992
82.002,1.8923
82.003,1.8893
82.004,1.8877
82.005,1.8871
82.007,1.8869
82.009,1.8869
82.012,1.8869
82.019,1.8869
82.036,1.8869
82.104,1.8869
82.32,1.8869
82.932,1.8869
83,1.8869
83,1.9612
83.001,2.0846
83.001,2.1442
83.002,2.21
83.002,2.2473
83.003,2.272
83.004,2.2842
83.005,2.2915
83.006,2.2945
83.007,2.2953
83.01,2.2955
83.014,2.2954
83.021,2.2955
83.037,2.2954
83.068,2.2955
83.129,2.2954
83.247,2.2955
83.469,2.2954
83.879,2.2955
84,2.2954
84,2.2793
84,2.2507
84.001,2.2303
84.001,2.2097
84.002,2.1974
84.002,2.1899
84.003,2.1844
84.004,2.1816
84.005,2.1797
84.006,2.179
84.007,2.1788
84.01,2.1787
84.013,2.1787
84.02,2.1787
84.039,2.1787
84.086,2.1787
84.186,2.1787
84.422,2.1787
84.931,2.1787
85,2.1787
85,2.1562
85,2.105
85,2.0209
85,1.9446
85,1.7721
85.001,1.5926
85.001,1.4042
85.001,1.2749
85.002,1.1845
85.002,1.1091
85.003,1.0611
85.003,1.0247
85.004,1.0046
85.005,0.9919
85.006,0.9861
85.007,0.98386
85.009,0.9827
85.011,0.98319
85.015,0.98265
85.021,0.98319
85.032,0.98265
85.047,0.98319
85.071,0.98265
85.107,0.98319
85.16,0.98265
85.238,0.98319
85.351,0.98265
85.514,0.98319
85.745,0.98265
86,0.98319
86,1.0043
86,1.0444
86,1.0779
86.001,1.0942
86.001,1.1089
86.001,1.1493
86.001,1.1779
86.002,1.1981
86.002,1.2159
86.003,1.2271
86.003,1.2361
86.004,1.241
86.005,1.2445
86.005,1.2459
86.007,1.2468
86.008,1.247
86.01,1.247
86.014,1.247
86.02,1.247
86.033,1.247
86.058,1.247
86.106,1.247
86.196,1.247
86.362,1.247
86.661,1.247
87,1.247
87,1.2462
87,1.2447
87.001,1.2439
87.001,1.2426
87.002,1.2419
87.002,1.2415
87.003,1.2412
87.004,1.2411
87.005,1.241
87.006,1.2409
87.007,1.2409
87.009,1.2409
87.012,1.2409
87.018,1.2409
87.03,1.2409
87.062,1.2409
87.127,1.2409
87.269,1.2409
87.572,1.2409
88,1.2409
88,1.2786
88,1.3471
88.001,1.4007
88.001,1.4759
88.002,1.5214
88.002,1.5488
88.003,1.5655
88.003,1.5779
88.004,1.5842
88.005,1.5884
88.006,1.5901
88.008,1.5906
88.01,1.5907
88.013,1.5907
88.02,1.5907
88.034,1.5907
88.063,1.5907
88.12,1.5907
88.233,1.5907
88.451,1.5907
88.861,1.5907
89,1.5907
89.001,1.6321
89.002,1.6876
89.002,1.7024
89.003,1.7113
89.005,1.7137
89.006,1.7146
89.009,1.7146
89.013,1.7146
89.02,1.7146
89.042,1.7146
89.101,1.7146
89.245,1.7146
89.612,1.7146
90,1.7146
90,1.7088
90,1.6935
90,1.6581
90,1.616
90,1.5386
90,1.4161
90.001,1.2288
90.001,1.0908
90.001,0.96775
90.002,0.8836
90.002,0.8248
90.003,0.77487
90.003,0.74359
90.004,0.72023
90.004,0.70762
90.005,0.70178
90.006,0.69675
90.007,0.69555
90.009,0.69478
90.012,0.69518
90.017,0.69478
90.024,0.69518
90.036,0.69478
90.055,0.69518
90.085,0.69478
90.133,0.69518
90.207,0.69478
90.318,0.69518
90.486,0.69478
90.734,0.69518
91,0.69478
91,0.64653
91.001,0.56818
91.001,0.52082
91.002,0.48106
91.003,0.4631
91.004,0.4536
91.005,0.44974
91.006,0.44842
91.009,0.44824
91.012,0.44823
91.018,0.44825
91.035,0.44823
91.089,0.44825
91.203,0.44823
91.495,0.44825
92,0.44823
92,0.49975
92.001,0.58079
92.001,0.62675
92.002,0.66071
92.003,0.67548
92.004,0.68288
92.005,0.68544
92.007,0.68661
92.009,0.68677
92.013,0.68673
92.02,0.68676
92.037,0.68673
92.081,0.68676
92.176,0.68673
92.398,0.68676
92.885,0.68673
93,0.68676
93,0.63198
93.001,0.54157
93.001,0.48399
93.002,0.43353
93.002,0.40824
93.003,0.39347
93.004,0.38725
93.005,0.38369
93.007,0.38277
93.009,0.38261
93.013,0.38266
93.02,0.38262
93.038,0.38266
93.079,0.38262
93.171,0.38266
93.377,0.38262
93.822,0.38266
94,0.38262
94,0.40726
94.001,0.44374
94.002,0.46113
94.003,0.47177
94.004,0.47526
94.005,0.47662
94.007,0.47694
94.01,0.47695
94.015,0.47696
94.025,0.47695
94.062,0.47696
94.182,0.47695
94.558,0.47696
95,0.47695
95.001,0.50382
95.002,0.53769
95.003,0.54641
95.005,0.54939
95.007,0.54944
95.01,0.54943
95.015,0.54944
95.037,0.54943
95.113,0.54944
95.32,0.54943
96,0.54944
96,0.5354
96.001,0.51313
96.001,0.5025
96.002,0.492
96.003,0.48706
96.004,0.48431
96.004,0.48329
96.006,0.48277
96.008,0.48267
96.011,0.48267
96.016,0.48267
96.027,0.48267
96.067,0.48267
96.159,0.48267
96.399,0.48267
97,0.48266
97,0.46884
97.001,0.44657
97.001,0.43317
97.002,0.42206
97.003,0.41704
97.004,0.41478
97.005,0.41346
97.006,0.413
97.008,0.41291
97.011,0.41291
97.017,0.41292
97.029,0.41291
97.073,0.41292
97.176,0.41291
97.446,0.41292
98,0.41291
98.001,0.39015
98.002,0.36123
98.003,0.35348
98.005,0.35064
98.007,0.35065
98.01,0.35065
98.015,0.35065
98.04,0.35065
98.127,0.35065
98.38,0.35065
99,0.35065
99,0.34088
99.001,0.32473
99.001,0.31621
99.002,0.30669
99.002,0.30151
99.003,0.29819
99.004,0.29665
99.005,0.29572
99.006,0.2954
99.008,0.29532
99.011,0.29532
99.015,0.29531
99.024,0.29532
99.066,0.29531
99.141,0.29532
99.335,0.29531
99.812,0.29532
100,0.29531
